YYYY-MM,"Total consumer credit owned and securitized, seasonally adjusted level",Interest Rate,Elections (yes/no),Unemployment Rate,Motor Vehicle Loans Owned and Securitized,Motor Vehicle Loans Owned and Securitized %,Credit Cards and Other Revolving Plans,Credit Cards and Other Revolving Plans %,Student loans,Student loans %,Mortgages,Mortgages %,Other
2000-06,1609548000000,6.08,1,4,546785000000,34,211498000000,13,0,0,0,0,851265000000
2000-07,1629751000000,6.07,1,4,565916000000,35,212011000000,13,0,0,0,0,851824000000
2000-08,1651615000000,6.22,1,4.1,573508000000,35,212542000000,13,0,0,0,0,865565000000
2000-09,1669001000000,6.07,1,3.9,579545000000,35,220120000000,13,0,0,0,0,869336000000
2000-10,1684599000000,6.12,1,3.9,581221000000,35,220460000000,13,0,0,0,0,882918000000
2000-11,1700945000000,5.92,1,3.9,586861000000,35,219837000000,13,0,0,0,0,894247000000
2000-12,1716970000000,5.32,0,3.9,592390000000,35,223610000000,13,0,0,0,0,900970000000
2001-01,1729852000000,4.6,0,4.2,590387000000,34,232345000000,13,0,0,0,0,907120000000
2001-02,1748702000000,4.47,0,4.2,596821000000,34,227700000000,13,0,0,0,0,924181000000
2001-03,1760542000000,4.09,0,4.3,600862000000,34,227061000000,13,0,0,0,0,932619000000
2001-04,1773098000000,3.94,0,4.4,610164000000,34,228971000000,13,0,0,0,0,933963000000
2001-05,1781177000000,3.63,0,4.3,612944000000,34,234762000000,13,0,0,0,0,933471000000
2001-06,1792368000000,3.72,0,4.5,616795000000,34,234192000000,13,0,0,0,0,941381000000
2001-07,1797351000000,3.53,0,4.6,634388000000,35,230785000000,13,0,0,0,0,932178000000
2001-08,1806359000000,3.41,0,4.9,637567000000,35,231820000000,13,0,0,0,0,936972000000
2001-09,1814252000000,2.49,0,5,640353000000,35,233577000000,13,0,0,0,0,940322000000
2001-10,1829840000000,2.07,0,5.3,674204000000,37,230092000000,13,0,0,0,0,925544000000
2001-11,1857843000000,2.06,0,5.5,684522000000,37,236126000000,13,0,0,0,0,937195000000
2001-12,1867853000000,2.17,0,5.7,688210000000,37,239548000000,13,0,0,0,0,940095000000
2002-01,1867419000000,2.29,0,5.7,682285000000,37,241435000000,13,0,0,0,0,943699000000
2002-02,1881905000000,2.25,0,5.7,687578000000,37,242617000000,13,0,0,0,0,951710000000
2002-03,1894690000000,2.7,0,5.7,692249000000,37,240305000000,13,0,0,0,0,962136000000
2002-04,1903958000000,2.35,0,5.9,692424000000,36,240912000000,13,0,0,0,0,970622000000
2002-05,1914614000000,2.34,0,5.8,696299000000,36,245685000000,13,0,0,0,0,972630000000
2002-06,1927181000000,2.06,0,5.8,700870000000,36,240776000000,12,0,0,0,0,985535000000
2002-07,1939211000000,1.8,0,5.8,703210000000,36,237237000000,12,0,0,0,0,998764000000
2002-08,1947500000000,1.74,0,5.7,706215000000,36,244029000000,13,0,0,0,0,997256000000
2002-09,1950651000000,1.53,0,5.7,707358000000,36,254540000000,13,0,0,0,0,988753000000
2002-10,1957151000000,1.46,0,5.7,708794000000,36,254665000000,13,0,0,0,0,993692000000
2002-11,1965179000000,1.56,0,5.9,711701000000,36,251409000000,13,0,0,0,0,1002069000000
2002-12,1972112000000,1.32,0,6,714212000000,36,252252000000,13,0,0,0,0,1005648000000
2003-01,1982561000000,1.31,0,5.8,710089000000,36,253274000000,13,0,0,0,0,1019198000000
2003-02,1993406000000,1.24,0,5.9,713973000000,36,244359000000,12,0,0,0,0,1035074000000
2003-03,2001208000000,1.19,0,5.9,716768000000,36,246249000000,12,0,0,0,0,1038191000000
2003-04,2014100000000,1.22,0,6,726902000000,36,240913000000,12,0,0,0,0,1046285000000
2003-05,2027503000000,1.13,0,6.1,731739000000,36,245680000000,12,0,0,0,0,1050084000000
2003-06,2033268000000,1.09,0,6.3,733820000000,36,244658000000,12,0,0,0,0,1054790000000
2003-07,2040064000000,1.28,0,6.2,750351000000,37,244672000000,12,0,0,0,0,1045041000000
2003-08,2049124000000,1.35,0,6.1,753683000000,37,243804000000,12,0,0,0,0,1051637000000
2003-09,2057091000000,1.15,0,6.1,756614000000,37,244685000000,12,0,0,0,0,1055792000000
2003-10,2065495000000,1.31,0,6,759485000000,37,240652000000,12,0,0,0,0,1065358000000
2003-11,2066400000000,1.39,0,5.8,759818000000,37,267277000000,13,0,0,0,0,1039305000000
2003-12,2077361000000,1.26,0,5.7,763848000000,37,270650000000,13,0,0,0,0,1042863000000
2004-01,2088243000000,1.28,0,5.7,760294000000,36,284116000000,14,0,0,0,0,1043833000000
2004-02,2095340000000,1.21,0,5.6,762878000000,36,279266000000,13,0,0,0,0,1053196000000
2004-03,2109720000000,1.2,0,5.8,768114000000,36,278292000000,13,0,0,0,0,1063314000000
2004-04,2112716000000,1.55,0,5.6,768021000000,36,279647000000,13,0,0,0,0,1065048000000
2004-05,2120839000000,1.83,0,5.6,770974000000,36,281197000000,13,0,0,0,0,1068668000000
2004-06,2127989000000,2.09,1,5.6,773574000000,36,287189000000,13,0,0,0,0,1067226000000
2004-07,2137093000000,2.13,1,5.5,790243000000,37,286399000000,13,0,0,0,0,1060451000000
2004-08,2143435000000,1.99,1,5.4,792589000000,37,287457000000,13,0,0,0,0,1063389000000
2004-09,2160148000000,2.21,1,5.4,798769000000,37,292267000000,14,0,0,0,0,1069112000000
2004-10,2176719000000,2.28,1,5.5,797863000000,37,291483000000,13,0,0,0,0,1087373000000
2004-11,2183746000000,2.63,1,5.4,800439000000,37,291006000000,13,0,0,0,0,1092301000000
2004-12,2192246000000,2.75,0,5.4,803555000000,37,286795000000,13,0,0,0,0,1101896000000
2005-01,2196778000000,2.96,0,5.3,803803000000,37,308969000000,14,9819903391,0.45,237166549731,10.8,837019546878
2005-02,2211559000000,3.2,0,5.4,809212000000,37,297782000000,13,11009219506,0.5,247274310781,11.18,846281469713
2005-03,2220199000000,3.35,0,5.2,812373000000,37,301123000000,14,11867063974,0.53,253898403733,11.44,840937532293
2005-04,2232535000000,3.33,0,5.2,809581000000,36,299835000000,13,12419717185,0.56,243767628792,10.92,866931654023
2005-05,2232672000000,3.32,0,5.1,809630000000,36,299611000000,13,12958172814,0.58,253364896581,11.35,857107930605
2005-06,2247833000000,3.45,0,5,815128000000,36,298464000000,13,15297873266,0.68,271397839550,12.07,847545287184
2005-07,2257231000000,3.8,0,5,825211000000,37,300734000000,13,17199060694,0.76,315572225871,13.98,798514713435
2005-08,2267045000000,3.77,0,4.9,828798000000,37,301834000000,13,10970202756,0.48,308437176981,13.61,817005620263
2005-09,2271633000000,4.01,0,5,830476000000,37,300910000000,13,11184107376,0.49,299025815301,13.16,830037077323
2005-10,2276843000000,4.31,0,5,823097000000,36,294854000000,13,14422960647,0.63,282067351907,12.39,862401687446
2005-11,2283661000000,4.34,0,5,825562000000,36,299628000000,13,14633296231,0.64,262123458247,11.48,881714245522
2005-12,2290928000000,4.38,0,4.9,828189000000,36,298194000000,13,14412265121,0.63,230567222593,10.06,919565512286
2006-01,2367471000000,4.58,0,4.7,781943000000,33,303298000000,13,11809789061,0.5,225494358070,9.52,1044925852869
2006-02,2374977000000,4.73,0,4.8,784422000000,33,297657000000,13,13786339638,0.58,229705273160,9.67,1049406387202
2006-03,2385808000000,4.82,0,4.7,787999000000,33,293220000000,12,14690443380,0.62,236798555231,9.93,1053100001389
2006-04,2397681000000,4.9,0,4.7,774149000000,32,289989000000,12,16412693566,0.68,239481993683,9.99,1077648312751
2006-05,2407161000000,5.07,0,4.6,777211000000,32,297010000000,12,19986317908,0.83,238032437211,9.89,1074921244881
2006-06,2395813000000,5.21,0,4.6,773546000000,32,298596000000,12,21137647372,0.88,240488293851,10.04,1062045058777
2006-07,2403099000000,5.11,0,4.7,792096000000,33,297744000000,12,21064647026,0.88,243240650463,10.12,1048953702511
2006-08,2415732000000,5.01,0,4.7,796260000000,33,299909000000,12,11496093959,0.48,247283983687,10.24,1060782922354
2006-09,2426813000000,4.91,0,4.5,799913000000,33,304579000000,13,11307533474,0.47,250785303947,10.33,1060228162579
2006-10,2429400000000,4.99,0,4.4,784975000000,32,301027000000,12,12675366667,0.52,247704162895,10.2,1083018470438
2006-11,2440749000000,4.94,0,4.5,788642000000,32,300534000000,12,13477425011,0.55,243313351626,9.97,1094782223363
2006-12,2456716000000,5,0,4.4,793801000000,32,307976000000,13,12659432188,0.52,249880883644,10.17,1092398684168
2007-01,2457946000000,5.09,0,4.6,780934000000,32,315023000000,13,11688075297,0.48,243931733603,9.92,1106369191100
2007-02,2470050000000,4.96,0,4.5,784780000000,32,311311000000,13,11857665649,0.48,234236338669,9.48,1127864995682
2007-03,2484433000000,4.9,0,4.4,789350000000,32,303085000000,12,13138280178,0.53,226485580016,9.12,1152374139806
2007-04,2493730000000,4.89,0,4.5,785894000000,32,304559000000,12,13557179650,0.54,220125870148,8.83,1169593950202
2007-05,2510016000000,4.95,0,4.4,791027000000,32,308951000000,12,12156944483,0.48,214614030265,8.55,1183267025252
2007-06,2519121000000,4.91,0,4.6,793896000000,32,312338000000,12,11965627666,0.47,201398797361,7.99,1199522574973
2007-07,2533668000000,4.85,0,4.7,808948000000,32,316329000000,12,12038432826,0.48,190894056286,7.53,1205458510888
2007-08,2552767000000,4.19,0,4.6,815046000000,32,313308000000,12,10670579282,0.42,168300093617,6.59,1245442327101
2007-09,2566995000000,4.05,0,4.7,819589000000,32,320131000000,12,11182579968,0.44,144502449150,5.63,1271589970882
2007-10,2582326000000,4.04,0,4.7,801160000000,31,319946000000,12,9631334346,0.37,141382146832,5.47,1310206518822
2007-11,2597649000000,3.26,0,4.7,805914000000,31,323726000000,12,10205180532,0.39,135049759126,5.2,1322754060342
2007-12,2609477000000,3.34,0,5,809583000000,31,333423000000,13,9599904149,0.37,136362858590,5.23,1320508237261
2008-01,2619428000000,2.11,0,5,797723000000,30,341594000000,13,10213641136,0.39,136753739710,5.22,1333143619154
2008-02,2634496000000,1.77,0,4.9,802312000000,30,332220000000,13,10563346301,0.4,204866708220,7.78,1284533945479
2008-03,2645604000000,1.55,0,5.1,805695000000,30,330367000000,12,9671387453,0.37,174398132717,6.59,1325472479830
2008-04,2654243000000,1.85,0,5,798138000000,30,323049000000,12,9281360221,0.35,159297424620,6,1364477215159
2008-05,2660193000000,2.22,0,5.4,799927000000,30,331234000000,12,9114623603,0.34,145170539442,5.46,1374746836955
2008-06,2662410000000,2.36,1,5.6,800593000000,30,328367000000,12,7602543757,0.29,125663425763,4.72,1400184030480
2008-07,2665321000000,2.27,1,5.8,801676000000,30,329290000000,12,10047349156,0.38,112040877576,4.2,1412266773268
2008-08,2662238000000,2.17,1,6.1,800749000000,30,337561000000,13,11518568613,0.43,106492634905,4,1405916796482
2008-09,2657389000000,1.78,1,6.1,799291000000,30,342418000000,13,11840932784,0.45,101355939441,3.81,1402483127775
2008-10,2660730000000,1.34,1,6.5,777276000000,29,366120000000,14,12375008558,0.47,100335189139,3.77,1404623802303
2008-11,2651481000000,0.9,1,6.8,774574000000,29,378543000000,14,11412396265,0.43,75933433626,2.86,1411018170109
2008-12,2643789000000,0.37,0,7.3,772327000000,29,382234000000,14,12840321536,0.49,95313823743,3.61,1381073854721
2009-01,2647029000000,0.51,0,7.8,755685000000,29,385503000000,15,13298109790,0.5,167652331109,6.33,1324890559101
2009-02,2638533000000,0.72,0,8.3,753259000000,29,393234000000,15,13464496468,0.51,208836292955,7.91,1269739210577
2009-03,2622828000000,0.57,0,8.7,748776000000,29,391542000000,15,13237153605,0.5,188816804975,7.2,1280456041420
2009-04,2615973000000,0.49,0,9,742021000000,28,370102000000,14,12978492502,0.5,197281208467,7.54,1293590299031
2009-05,2610011000000,0.47,0,9.4,740330000000,28,365724000000,14,13521033446,0.52,217976155161,8.35,1272459811393
2009-06,2591475000000,0.56,0,9.5,735072000000,28,363085000000,14,10175089243,0.39,189330260048,7.31,1293812650709
2009-07,2590855000000,0.48,0,9.5,736772000000,28,356059000000,14,11730741811,0.45,167037801718,6.45,1319255456471
2009-08,2582126000000,0.43,0,9.6,734290000000,28,352896000000,14,12613250264,0.49,130921650754,5.07,1351405098982
2009-09,2576594000000,0.4,0,9.8,732717000000,28,350216000000,14,12412434958,0.48,123144365574,4.78,1358104199468
2009-10,2563423000000,0.37,0,10,719084000000,28,344988000000,13,12828953186,0.5,131879899399,5.14,1354642147415
2009-11,2551569000000,0.27,0,9.9,715759000000,28,343425000000,13,13319975205,0.52,137005065869,5.37,1342059958926
2009-12,2555017000000,0.47,0,9.9,716726000000,28,340240000000,13,13478422582,0.53,125487867707,4.91,1359084709711
2010-01,2543508000000,0.3,0,9.8,717932000000,28,326228000000,13,13915051714,0.55,120932529382,4.75,1364500418904
2010-02,2530024000000,0.32,0,9.8,714126000000,28,318584000000,13,14065773075,0.56,113663305815,4.49,1369584921110
2010-03,2536552000000,0.41,0,9.9,715968000000,28,313109000000,12,14012469244,0.55,117977164730,4.65,1375485366026
2010-04,2532765000000,0.41,0,9.9,708052000000,28,650783000000,26,13176452114,0.52,120658483292,4.76,1040095064594
2010-05,2521688000000,0.34,0,9.6,704955000000,28,644019000000,26,11967505163,0.47,116053999473,4.6,1044692495364
2010-06,2518416000000,0.32,0,9.4,704041000000,28,635016000000,25,11719726605,0.47,130417143535,5.18,1037222129860
2010-07,2521105000000,0.29,0,9.4,698395000000,28,628132000000,25,10177978766,0.4,128873121914,5.11,1055526899320
2010-08,2520422000000,0.25,0,9.5,698206000000,28,624306000000,25,11306563923,0.45,158003318170,6.27,1028600117907
2010-09,2522094000000,0.27,0,9.5,698669000000,28,618110000000,25,11978043735,0.47,178113270489,7.06,1015223685776
2010-10,2530106000000,0.22,0,9.4,713496000000,28,613528000000,24,12314728601,0.49,176270397810,6.97,1014496873589
2010-11,2531232000000,0.27,0,9.8,713814000000,28,609587000000,24,10922787284,0.43,173974303966,6.87,1022933908750
2010-12,2646811000000,0.29,0,9.3,746407000000,28,606028000000,23,10423706975,0.39,162751825532,6.15,1121200467493
2011-01,2657360000000,0.26,0,9.1,730088000000,27,605434000000,23,11412435706,0.43,149592247826,5.63,1160833316468
2011-02,2663780000000,0.25,0,9,731852000000,27,602280000000,23,11499545379,0.43,122427960310,4.6,1195720494311
2011-03,2672031000000,0.3,0,9,734119000000,27,599468000000,22,11100384577,0.42,104350987155,3.91,1222992628268
2011-04,2679974000000,0.22,0,9.1,734455000000,27,598890000000,22,12535155341,0.47,98726036313,3.68,1235367808346
2011-05,2683971000000,0.18,0,9,735550000000,27,596815000000,22,12520370016,0.47,98162959513,3.66,1240922670471
2011-06,2693088000000,0.19,0,9.1,738049000000,27,599324000000,22,12255114017,0.46,101725363076,3.78,1241734522907
2011-07,2717495000000,0.2,0,9,743757000000,27,601617000000,22,12852749702,0.47,109537741564,4.03,1249730508734
2011-08,2709115000000,0.1,0,9,741464000000,27,600487000000,22,11994061373,0.44,111908688707,4.13,1243261249920
2011-09,2720060000000,0.13,0,9,744459000000,27,599324000000,22,11379012633,0.42,146878338878,5.4,1218019648489
2011-10,2727953000000,0.12,0,8.8,751041000000,28,602742000000,22,10812963922,0.4,152310428892,5.58,1211046607186
2011-11,2746761000000,0.12,0,8.6,756219000000,28,601049000000,22,11663131869,0.42,151632172299,5.52,1226197695832
2011-12,2756225000000,0.12,0,8.5,758824000000,28,601256000000,22,11256936861,0.41,145373635047,5.27,1239514428092
2012-01,2769931000000,0.13,0,8.3,759331000000,27,603606000000,22,11119365934,0.4,155018793339,5.6,1240855840727
2012-02,2777804000000,0.18,0,8.3,761489000000,27,599854000000,22,10423379297,0.38,183076474334,6.59,1222961146369
2012-03,2791566000000,0.19,0,8.2,765262000000,27,599636000000,21,11119741343,0.4,176219545196,6.31,1239328713461
2012-04,2802546000000,0.2,0,8.2,777548000000,28,601877000000,21,11451200922,0.41,171250690535,6.11,1240419108543
2012-05,2818397000000,0.18,0,8.2,781946000000,28,609755000000,22,12723167466,0.45,164770653608,5.85,1249202178926
2012-06,2829851000000,0.21,1,8.2,785123000000,28,609864000000,22,14385531029,0.51,164543834393,5.81,1255934634578
2012-07,2840095000000,0.16,1,8.2,798400000000,28,608505000000,21,15311867327,0.54,174605899383,6.15,1243272233290
2012-08,2857108000000,0.16,1,8.1,803182000000,28,607511000000,21,11772443746,0.41,186907613372,6.54,1247734942882
2012-09,2865790000000,0.17,1,7.8,805623000000,28,608149000000,21,11571694275,0.4,191918400785,6.7,1248527904940
2012-10,2881763000000,0.18,1,7.8,809240000000,28,608507000000,21,12006430974,0.42,191964294145,6.66,1260045274881
2012-11,2903316000000,0.18,1,7.7,815293000000,28,609314000000,21,10594647932,0.36,197836677376,6.81,1270277674692
2012-12,2912905000000,0.16,0,7.9,817986000000,28,606626000000,21,11231654785,0.39,209341424681,7.19,1267719920534
2013-01,2931605000000,0.15,0,8,821432000000,28,608381000000,21,10903704288,0.37,224625335506,7.66,1266262960206
2013-02,2953516000000,0.17,0,7.7,827571000000,28,608111000000,21,10916004687,0.37,223819236306,7.58,1283098759007
2013-03,2963147000000,0.14,0,7.5,830270000000,28,607528000000,21,9814248882,0.33,203141532960,6.86,1312393218158
2013-04,2972774000000,0.11,0,7.6,841204000000,28,612529000000,21,9157086913,0.31,198283568474,6.67,1311600344613
2013-05,2988682000000,0.14,0,7.5,845705000000,28,612143000000,20,9551665024,0.32,196467867524,6.57,1324814467452
2013-06,3000936000000,0.15,0,7.5,849173000000,28,614718000000,20,9212388567,0.31,182871387471,6.09,1344961223962
2013-07,3014740000000,0.11,0,7.3,866538000000,29,613114000000,20,8766879110,0.29,164655172984,5.46,1361665947906
2013-08,3030282000000,0.13,0,7.2,871005000000,29,611095000000,20,10187743420,0.34,143095401270,4.72,1394898855310
2013-09,3045862000000,0.1,0,7.2,875483000000,29,612190000000,20,10144720967,0.33,119524149513,3.92,1428520129520
2013-10,3063417000000,0.1,0,7.2,878188000000,29,613037000000,20,9564284984,0.31,105383587783,3.44,1457244127233
2013-11,3075880000000,0.13,0,6.9,881761000000,29,615263000000,20,10320494845,0.34,104176690368,3.39,1464358814787
2013-12,3090468000000,0.13,0,6.7,885943000000,29,599467000000,19,9308395289,0.3,103189748336,3.34,1492559856375
2014-01,3110610000000,0.1,0,6.6,891658000000,29,600018000000,19,9323626919,0.3,94252551782,3.03,1515357821299
2014-02,3129308000000,0.12,0,6.7,897018000000,29,601543000000,19,9930573107,0.32,94182755152,3.01,1526633671741
2014-03,3146700000000,0.13,0,6.7,902003000000,29,602891000000,19,10636384123,0.34,100229502214,3.19,1530940113663
2014-04,3169652000000,0.11,0,6.2,917515000000,29,604171000000,19,11071072316,0.35,104254484699,3.29,1532640442985
2014-05,3188747000000,0.1,0,6.3,923042000000,29,608765000000,19,9604500435,0.3,107039222514,3.36,1540296277051
2014-06,3205641000000,0.11,0,6.1,927933000000,29,610492000000,19,10050918298,0.31,113735073546,3.55,1543430008156
2014-07,3227130000000,0.12,0,6.2,942627000000,29,611461000000,19,10455554140,0.32,115856088216,3.59,1546730357644
2014-08,3243671000000,0.09,0,6.1,947459000000,29,613770000000,19,11139429444,0.34,114667238385,3.54,1556635332171
2014-09,3259641000000,0.13,0,5.9,952124000000,29,617740000000,19,11042100971,0.34,115299633050,3.54,1563435265979
2014-10,3270275000000,0.11,0,5.7,955290000000,29,618588000000,19,10947254726,0.33,117096966127,3.58,1568352779147
2014-11,3282767000000,0.13,0,5.8,958939000000,29,620180000000,19,11385366267,0.35,127237071459,3.88,1565025562274
2014-12,3309540000000,0.25,0,5.6,966759000000,29,621138000000,19,14090216188,0.43,128362030101,3.88,1579190753711
2015-01,3317006000000,0.18,0,5.7,962361000000,29,624618000000,19,11741672282,0.35,134471653849,4.05,1583813673869
2015-02,3333957000000,0.22,0,5.5,967279000000,29,625695000000,19,11767034600,0.35,179878486946,5.4,1549337478454
2015-03,3358419000000,0.26,0,5.4,974376000000,29,625932000000,19,11966283742,0.36,187187363847,5.57,1558957352411
2015-04,3379442000000,0.24,0,5.4,987556000000,29,630859000000,19,11805133855,0.35,170097507674,5.03,1579124358471
2015-05,3396641000000,0.26,0,5.6,992582000000,29,634033000000,19,11200305808,0.33,169843805392,5,1588981888800
2015-06,3420713000000,0.28,0,5.3,999617000000,29,634580000000,19,11404745959,0.33,158877251229,4.64,1616234002812
2015-07,3439221000000,0.33,0,5.2,1016925000000,30,639150000000,19,11522479406,0.34,150165712721,4.37,1621457807873
2015-08,3454108000000,0.39,0,5.1,1021327000000,30,643994000000,19,10940989766,0.32,143306540698,4.15,1634539469536
2015-09,3481549000000,0.33,0,5,1029441000000,30,646938000000,19,11403594453,0.33,144267806316,4.14,1649498599231
2015-10,3498155000000,0.34,0,5,990040000000,28,652248000000,19,11794326929,0.34,138515861597,3.96,1705556811474
2015-11,3512177000000,0.51,0,5.1,994008000000,28,654719000000,19,10856476304,0.31,130174248700,3.71,1722419274996
2015-12,3400223000000,0.65,0,5,962323000000,28,656567000000,19,13010812254,0.38,138671191038,4.08,1629650996708
2016-01,3418967000000,0.47,0,4.8,1000216000000,29,663885000000,19,11536361336,0.34,145015156879,4.24,1598314481785
2016-02,3436702000000,0.62,0,4.9,1005404000000,29,664299000000,19,11221051565,0.33,149869401664,4.36,1605908546771
2016-03,3465424000000,0.59,0,5,1013807000000,29,665379000000,19,11301476011,0.33,170572308287,4.92,1604364215702
2016-04,3484528000000,0.56,0,5.1,1022174000000,29,674386000000,19,10981486765,0.32,176680068748,5.07,1600306444487
2016-05,3502423000000,0.68,0,4.8,1027423000000,29,677218000000,19,11659812973,0.33,174478362691,4.98,1611643824336
2016-06,3520904000000,0.45,1,4.9,1032844000000,29,679471000000,19,11399992038,0.32,173906780404,4.94,1623282227558
2016-07,3539468000000,0.5,1,4.8,1051192000000,30,695902000000,20,11614619663,0.33,177605549898,5.02,1603153830439
2016-08,3561250000000,0.61,1,4.9,1057661000000,30,698563000000,20,11285283315,0.32,195032952629,5.48,1598707764056
2016-09,3582017000000,0.59,1,5,1063828000000,30,702235000000,20,11372845587,0.32,203633247852,5.68,1600947906561
2016-10,3597790000000,0.66,1,4.9,1062341000000,30,705538000000,20,11683980966,0.32,202337645567,5.62,1615889373467
2016-11,3618952000000,0.8,1,4.7,1068590000000,30,706255000000,20,12181668751,0.34,198391691528,5.48,1633533639721
2016-12,3636436000000,0.85,0,4.7,1073752000000,30,711167000000,20,12796591771,0.35,188357581794,5.18,1650362826435
2017-01,3653537000000,0.84,0,4.7,1068022000000,29,714413000000,20,12457039591,0.34,170059956832,4.65,1688585003577
2017-02,3670169000000,0.88,0,4.6,1072884000000,29,714753000000,19,12757417822,0.35,151890883280,4.14,1717883698898
2017-03,3685790000000,1.03,0,4.4,1077451000000,29,716499000000,19,12507929184,0.34,145766739923,3.95,1733565330893
2017-04,3699288000000,1.07,0,4.4,1081512000000,29,718755000000,19,12479104709,0.34,145829168830,3.94,1740712726461
2017-05,3713331000000,1.17,0,4.4,1085618000000,29,719255000000,19,12542102288,0.34,151465574824,4.08,1744450322888
2017-06,3727039000000,1.24,0,4.3,1089626000000,29,722010000000,19,12632889395,0.34,155472909420,4.17,1747297201185
2017-07,3743389000000,1.23,0,4.3,1093958000000,29,728193000000,19,11853099596,0.32,155371273151,4.15,1754013627253
2017-08,3755200000000,1.23,0,4.4,1097410000000,29,728943000000,19,11944681079,0.32,154948436812,4.13,1761953882109
2017-09,3770255000000,1.31,0,4.3,1101809000000,29,733116000000,19,11733639742,0.31,158600570110,4.21,1764995790148
2017-10,3794125000000,1.43,0,4.2,1101992000000,29,738659000000,19,11459303391,0.3,161706892906,4.26,1780307803703
2017-11,3816242000000,1.62,0,4.2,1108416000000,29,755846000000,20,11856966960,0.31,161110993414,4.22,1779012039626
2017-12,3830752000000,1.76,0,4.1,1112630000000,29,762782000000,20,11587472149,0.3,166646638380,4.35,1777105889471
2018-01,3848367000000,1.9,0,4,1105015000000,29,766849000000,20,11392639729,0.3,162910106115,4.23,1802200254156
2018-02,3864264000000,2.07,0,4.1,1109580000000,29,768531000000,20,11405283784,0.3,163253653903,4.22,1811494062313
2018-03,3876984000000,2.09,0,4,1113232000000,29,769864000000,20,11440556414,0.3,158166378323,4.08,1824281065263
2018-04,3884469000000,2.24,0,4,1115605000000,29,787013000000,20,11805334204,0.3,158518357465,4.08,1811527308331
2018-05,3901132000000,2.23,0,3.8,1120391000000,29,786193000000,20,11556634413,0.3,153227248231,3.93,1829764117356
2018-06,3901098000000,2.33,0,4,1120381000000,29,792020000000,20,11657779902,0.3,152417777800,3.91,1824621442298
2018-07,3923984000000,2.44,0,3.8,1131412000000,29,793209000000,20,12230902266,0.31,153371463233,3.91,1833760634501
2018-08,3942808000000,2.46,0,3.8,1136839000000,29,792957000000,20,11624458696,0.29,147719267825,3.75,1853668273479
2018-09,3955513000000,2.59,0,3.7,1140503000000,29,798767000000,20,11441281178,0.29,139807306608,3.53,1864994412214
2018-10,3974370000000,2.69,0,3.8,1139608000000,29,800290000000,20,11453229701,0.29,138750761218,3.49,1884268009081
2018-11,3991475000000,2.7,0,3.8,1144513000000,29,803210000000,20,11404671310,0.29,139487101147,3.49,1892860227543
2018-12,4007042000000,2.63,0,3.9,1148977000000,29,806374000000,20,10928810336,0.27,130612045221,3.26,1910150144443
2019-01,4027249000000,2.55,0,4,1144168000000,28,805999000000,20,11481722087,0.29,136447990093,3.39,1929152287820
2019-02,4040805000000,2.54,0,3.8,1148019000000,28,811856000000,20,11147112233,0.28,161712424355,4,1908070463412
2019-03,4053039000000,2.4,0,3.8,1151495000000,28,813878000000,20,11062262206,0.27,168845027155,4.17,1907758710639
2019-04,4070497000000,2.39,0,3.7,1159954000000,28,817774000000,20,11021241903,0.27,177549162825,4.36,1904198595272
2019-05,4083632000000,2.21,0,3.6,1163697000000,28,819467000000,20,0,0,0,0,2100468000000
2019-06,4092286000000,1.92,0,3.6,1166163000000,28,824415000000,20,0,0,0,0,2101708000000
2019-07,4116616000000,2,0,3.7,1175438000000,29,821863000000,20,0,0,0,0,2119315000000
2019-08,4130971000000,1.76,0,3.6,1179537000000,29,828751000000,20,0,0,0,0,2122683000000
2019-09,4144085000000,1.75,0,3.5,1183282000000,29,831933000000,20,0,0,0,0,2128870000000
2019-10,4161392000000,1.53,0,3.6,1184142000000,28,830331000000,20,0,0,0,0,2146919000000
2019-11,4163375000000,1.6,0,3.6,1184706000000,28,841037000000,20,0,0,0,0,2137632000000
2019-12,4192191000000,1.59,0,3.6,1192906000000,28,839308000000,20,0,0,0,0,2159977000000
2020-01,4208100000000,1.45,0,3.6,1183907000000,28,845669000000,20,0,0,0,0,2178524000000
2020-02,4221736000000,0.97,0,3.5,1187744000000,28,849089000000,20,0,0,0,0,2184903000000
2020-03,4207208000000,0.17,0,4.4,1183656000000,28,858688000000,20,0,0,0,0,2164864000000
2020-04,4143653000000,0.16,0,14.8,1197426000000,29,835958000000,20,0,0,0,0,2110269000000
2020-05,4124384000000,0.17,0,13.2,1191857000000,29,777831000000,19,0,0,0,0,2154696000000
2020-06,4133891000000,0.16,1,11,1194605000000,29,765159000000,19,0,0,0,0,2174127000000
2020-07,4150962000000,0.11,1,10.2,1218446000000,29,758197000000,18,0,0,0,0,2174319000000
2020-08,4145435000000,0.12,1,8.4,1216824000000,29,756304000000,18,0,0,0,0,2172307000000
2020-09,4161629000000,0.12,1,7.8,1221577000000,29,750139000000,18,0,0,0,0,2189913000000
2020-10,4166293000000,0.13,1,6.8,1224447000000,29,750496000000,18,0,0,0,0,2191350000000
2020-11,4169805000000,0.11,1,6.7,1225479000000,29,751510000000,18,0,0,0,0,2192816000000
2020-12,4184853000000,0.1,0,6.7,1229901000000,29,747796000000,18,0,0,0,0,2207156000000
2021-01,4196987000000,0.1,0,6.4,1240754000000,30,748161000000,18,0,0,0,0,2208072000000
2021-02,4214766000000,0.08,0,6.2,1246010000000,30,744465000000,18,0,0,0,0,2224291000000
2021-03,4226825000000,0.07,0,6.1,1249574000000,30,746666000000,18,0,0,0,0,2230585000000
2021-04,4243289000000,0.05,0,6.1,1353127000000,32,738729000000,17,0,0,0,0,2151433000000
2021-05,4270915000000,0.05,0,5.8,1361936000000,32,740515000000,17,0,0,0,0,2168464000000
2021-06,4418378000000,0.07,0,5.9,1408960000000,32,751660000000,17,0,0,0,0,2257758000000
2021-07,4436626000000,0.07,0,5.4,1378864000000,31,760026000000,17,0,0,0,0,2297736000000
2021-08,4453623000000,0.07,0,5.1,1384147000000,31,766717000000,17,0,0,0,0,2302759000000
2021-09,4477855000000,0.09,0,4.7,1391678000000,31,770275000000,17,0,0,0,0,2315902000000
2021-10,4495550000000,0.15,0,4.5,1392701000000,31,777613000000,17,0,0,0,0,2325236000000
2021-11,4523585000000,0.24,0,4.1,1401386000000,31,786666000000,17,0,0,0,0,2335533000000
2021-12,4548536000000,0.39,0,3.9,1409116000000,31,800521000000,18,0,0,0,0,2338899000000
2022-01,4566065000000,0.78,0,4,1410554000000,31,806678000000,18,0,0,0,0,2348833000000
2022-02,4597746000000,1.01,0,3.8,1420340000000,31,816055000000,18,0,0,0,0,2361351000000
2022-03,4636413000000,1.63,0,3.6,1432285000000,31,827480000000,18,0,0,0,0,2376648000000
2022-04,4664763000000,2.1,0,3.7,1445197000000,31,846507000000,18,0,0,0,0,2373059000000
2022-05,4691514000000,2.08,0,3.6,1453485000000,31,858467000000,18,0,0,0,0,2379562000000
2022-06,4724940000000,2.8,0,3.6,1463841000000,31,870646000000,18,0,0,0,0,2390453000000
2022-07,4751621000000,2.98,0,3.5,1476909000000,31,889082000000,19,0,0,0,0,2385630000000
2022-08,4779193000000,3.5,0,3.6,1485479000000,31,898116000000,19,0,0,0,0,2395598000000
2022-09,4806781000000,4.05,0,3.5,1494054000000,31,910162000000,19,0,0,0,0,2402565000000
2022-10,4842165000000,4.66,0,3.6,1499489000000,31,920968000000,19,0,0,0,0,2421708000000
2022-11,4875038000000,4.74,0,3.6,1509669000000,31,928699000000,19,0,0,0,0,2436670000000
2022-12,4894041000000,4.73,0,3.5,1515554000000,31,935230000000,19,0,0,0,0,2443257000000
2023-01,4916137000000,4.68,0,3.4,1516395000000,31,943966000000,19,0,0,0,0,2455776000000
2023-02,4927157000000,5.02,0,3.6,1519795000000,31,953817000000,19,0,0,0,0,2453545000000
2023-03,4945936000000,4.64,0,3.5,1525587000000,31,960434000000,19,0,0,0,0,2459915000000
2023-04,4960314000000,4.8,0,3.4,1535157000000,31,975346000000,20,0,0,0,0,2449811000000
2023-05,4959445000000,5.18,0,3.7,1534888000000,31,981943000000,20,0,0,0,0,2442614000000
2023-06,4971610000000,5.4,0,3.6,1538653000000,31,989854000000,20,0,0,0,0,2443103000000
2023-07,4983111000000,5.37,0,3.5,1552431000000,31,993667000000,20,0,0,0,0,2437013000000
2023-08,4967956000000,5.37,0,3.8,1547710000000,31,999701000000,20,0,0,0,0,2420545000000
2023-09,4978098000000,5.46,0,3.8,1550870000000,31,1010776000000,20,0,0,0,0,2416452000000
2023-10,4985243000000,5.44,0,3.8,1558532000000,31,1016127000000,20,0,0,0,0,2410584000000
2023-11,5008723000000,5.16,0,3.7,1565873000000,31,1017511000000,20,0,0,0,0,2425339000000
2023-12,5010284000000,4.79,0,3.7,1566361000000,31,1027369000000,21,0,0,0,0,2416554000000
