YYYY-MM,"Total consumer credit owned and securitized, seasonally adjusted level",Interest Rate,Elections (yes/no),Unemployment Rate,Motor Vehicle Loans Owned and Securitized,Motor Vehicle Loans Owned and Securitized %,Credit Cards and Other Revolving Plans,Credit Cards and Other Revolving Plans %,Student loans,Student loans %,Mortgages,Mortgages %,Other
2000-06,"1,609,548,000,000",6.08,1,4.00,"546,785,000,000",34.00,"211,498,000,000",13.00,0,0.00,0,0.00,"851,265,000,000"
2000-07,"1,629,751,000,000",6.07,1,4.00,"565,916,000,000",35.00,"212,011,000,000",13.00,0,0.00,0,0.00,"851,824,000,000"
2000-08,"1,651,615,000,000",6.22,1,4.10,"573,508,000,000",35.00,"212,542,000,000",13.00,0,0.00,0,0.00,"865,565,000,000"
2000-09,"1,669,001,000,000",6.07,1,3.90,"579,545,000,000",35.00,"220,120,000,000",13.00,0,0.00,0,0.00,"869,336,000,000"
2000-10,"1,684,599,000,000",6.12,1,3.90,"581,221,000,000",35.00,"220,460,000,000",13.00,0,0.00,0,0.00,"882,918,000,000"
2000-11,"1,700,945,000,000",5.92,1,3.90,"586,861,000,000",35.00,"219,837,000,000",13.00,0,0.00,0,0.00,"894,247,000,000"
2000-12,"1,716,970,000,000",5.32,0,3.90,"592,390,000,000",35.00,"223,610,000,000",13.00,0,0.00,0,0.00,"900,970,000,000"
2001-01,"1,729,852,000,000",4.60,0,4.20,"590,387,000,000",34.00,"232,345,000,000",13.00,0,0.00,0,0.00,"907,120,000,000"
2001-02,"1,748,702,000,000",4.47,0,4.20,"596,821,000,000",34.00,"227,700,000,000",13.00,0,0.00,0,0.00,"924,181,000,000"
2001-03,"1,760,542,000,000",4.09,0,4.30,"600,862,000,000",34.00,"227,061,000,000",13.00,0,0.00,0,0.00,"932,619,000,000"
2001-04,"1,773,098,000,000",3.94,0,4.40,"610,164,000,000",34.00,"228,971,000,000",13.00,0,0.00,0,0.00,"933,963,000,000"
2001-05,"1,781,177,000,000",3.63,0,4.30,"612,944,000,000",34.00,"234,762,000,000",13.00,0,0.00,0,0.00,"933,471,000,000"
2001-06,"1,792,368,000,000",3.72,0,4.50,"616,795,000,000",34.00,"234,192,000,000",13.00,0,0.00,0,0.00,"941,381,000,000"
2001-07,"1,797,351,000,000",3.53,0,4.60,"634,388,000,000",35.00,"230,785,000,000",13.00,0,0.00,0,0.00,"932,178,000,000"
2001-08,"1,806,359,000,000",3.41,0,4.90,"637,567,000,000",35.00,"231,820,000,000",13.00,0,0.00,0,0.00,"936,972,000,000"
2001-09,"1,814,252,000,000",2.49,0,5.00,"640,353,000,000",35.00,"233,577,000,000",13.00,0,0.00,0,0.00,"940,322,000,000"
2001-10,"1,829,840,000,000",2.07,0,5.30,"674,204,000,000",37.00,"230,092,000,000",13.00,0,0.00,0,0.00,"925,544,000,000"
2001-11,"1,857,843,000,000",2.06,0,5.50,"684,522,000,000",37.00,"236,126,000,000",13.00,0,0.00,0,0.00,"937,195,000,000"
2001-12,"1,867,853,000,000",2.17,0,5.70,"688,210,000,000",37.00,"239,548,000,000",13.00,0,0.00,0,0.00,"940,095,000,000"
2002-01,"1,867,419,000,000",2.29,0,5.70,"682,285,000,000",37.00,"241,435,000,000",13.00,0,0.00,0,0.00,"943,699,000,000"
2002-02,"1,881,905,000,000",2.25,0,5.70,"687,578,000,000",37.00,"242,617,000,000",13.00,0,0.00,0,0.00,"951,710,000,000"
2002-03,"1,894,690,000,000",2.70,0,5.70,"692,249,000,000",37.00,"240,305,000,000",13.00,0,0.00,0,0.00,"962,136,000,000"
2002-04,"1,903,958,000,000",2.35,0,5.90,"692,424,000,000",36.00,"240,912,000,000",13.00,0,0.00,0,0.00,"970,622,000,000"
2002-05,"1,914,614,000,000",2.34,0,5.80,"696,299,000,000",36.00,"245,685,000,000",13.00,0,0.00,0,0.00,"972,630,000,000"
2002-06,"1,927,181,000,000",2.06,0,5.80,"700,870,000,000",36.00,"240,776,000,000",12.00,0,0.00,0,0.00,"985,535,000,000"
2002-07,"1,939,211,000,000",1.80,0,5.80,"703,210,000,000",36.00,"237,237,000,000",12.00,0,0.00,0,0.00,"998,764,000,000"
2002-08,"1,947,500,000,000",1.74,0,5.70,"706,215,000,000",36.00,"244,029,000,000",13.00,0,0.00,0,0.00,"997,256,000,000"
2002-09,"1,950,651,000,000",1.53,0,5.70,"707,358,000,000",36.00,"254,540,000,000",13.00,0,0.00,0,0.00,"988,753,000,000"
2002-10,"1,957,151,000,000",1.46,0,5.70,"708,794,000,000",36.00,"254,665,000,000",13.00,0,0.00,0,0.00,"993,692,000,000"
2002-11,"1,965,179,000,000",1.56,0,5.90,"711,701,000,000",36.00,"251,409,000,000",13.00,0,0.00,0,0.00,"1,002,069,000,000"
2002-12,"1,972,112,000,000",1.32,0,6.00,"714,212,000,000",36.00,"252,252,000,000",13.00,0,0.00,0,0.00,"1,005,648,000,000"
2003-01,"1,982,561,000,000",1.31,0,5.80,"710,089,000,000",36.00,"253,274,000,000",13.00,0,0.00,0,0.00,"1,019,198,000,000"
2003-02,"1,993,406,000,000",1.24,0,5.90,"713,973,000,000",36.00,"244,359,000,000",12.00,0,0.00,0,0.00,"1,035,074,000,000"
2003-03,"2,001,208,000,000",1.19,0,5.90,"716,768,000,000",36.00,"246,249,000,000",12.00,0,0.00,0,0.00,"1,038,191,000,000"
2003-04,"2,014,100,000,000",1.22,0,6.00,"726,902,000,000",36.00,"240,913,000,000",12.00,0,0.00,0,0.00,"1,046,285,000,000"
2003-05,"2,027,503,000,000",1.13,0,6.10,"731,739,000,000",36.00,"245,680,000,000",12.00,0,0.00,0,0.00,"1,050,084,000,000"
2003-06,"2,033,268,000,000",1.09,0,6.30,"733,820,000,000",36.00,"244,658,000,000",12.00,0,0.00,0,0.00,"1,054,790,000,000"
2003-07,"2,040,064,000,000",1.28,0,6.20,"750,351,000,000",37.00,"244,672,000,000",12.00,0,0.00,0,0.00,"1,045,041,000,000"
2003-08,"2,049,124,000,000",1.35,0,6.10,"753,683,000,000",37.00,"243,804,000,000",12.00,0,0.00,0,0.00,"1,051,637,000,000"
2003-09,"2,057,091,000,000",1.15,0,6.10,"756,614,000,000",37.00,"244,685,000,000",12.00,0,0.00,0,0.00,"1,055,792,000,000"
2003-10,"2,065,495,000,000",1.31,0,6.00,"759,485,000,000",37.00,"240,652,000,000",12.00,0,0.00,0,0.00,"1,065,358,000,000"
2003-11,"2,066,400,000,000",1.39,0,5.80,"759,818,000,000",37.00,"267,277,000,000",13.00,0,0.00,0,0.00,"1,039,305,000,000"
2003-12,"2,077,361,000,000",1.26,0,5.70,"763,848,000,000",37.00,"270,650,000,000",13.00,0,0.00,0,0.00,"1,042,863,000,000"
2004-01,"2,088,243,000,000",1.28,0,5.70,"760,294,000,000",36.00,"284,116,000,000",14.00,0,0.00,0,0.00,"1,043,833,000,000"
2004-02,"2,095,340,000,000",1.21,0,5.60,"762,878,000,000",36.00,"279,266,000,000",13.00,0,0.00,0,0.00,"1,053,196,000,000"
2004-03,"2,109,720,000,000",1.20,0,5.80,"768,114,000,000",36.00,"278,292,000,000",13.00,0,0.00,0,0.00,"1,063,314,000,000"
2004-04,"2,112,716,000,000",1.55,0,5.60,"768,021,000,000",36.00,"279,647,000,000",13.00,0,0.00,0,0.00,"1,065,048,000,000"
2004-05,"2,120,839,000,000",1.83,0,5.60,"770,974,000,000",36.00,"281,197,000,000",13.00,0,0.00,0,0.00,"1,068,668,000,000"
2004-06,"2,127,989,000,000",2.09,1,5.60,"773,574,000,000",36.00,"287,189,000,000",13.00,0,0.00,0,0.00,"1,067,226,000,000"
2004-07,"2,137,093,000,000",2.13,1,5.50,"790,243,000,000",37.00,"286,399,000,000",13.00,0,0.00,0,0.00,"1,060,451,000,000"
2004-08,"2,143,435,000,000",1.99,1,5.40,"792,589,000,000",37.00,"287,457,000,000",13.00,0,0.00,0,0.00,"1,063,389,000,000"
2004-09,"2,160,148,000,000",2.21,1,5.40,"798,769,000,000",37.00,"292,267,000,000",14.00,0,0.00,0,0.00,"1,069,112,000,000"
2004-10,"2,176,719,000,000",2.28,1,5.50,"797,863,000,000",37.00,"291,483,000,000",13.00,0,0.00,0,0.00,"1,087,373,000,000"
2004-11,"2,183,746,000,000",2.63,1,5.40,"800,439,000,000",37.00,"291,006,000,000",13.00,0,0.00,0,0.00,"1,092,301,000,000"
2004-12,"2,192,246,000,000",2.75,0,5.40,"803,555,000,000",37.00,"286,795,000,000",13.00,0,0.00,0,0.00,"1,101,896,000,000"
2005-01,"2,196,778,000,000",2.96,0,5.30,"803,803,000,000",37.00,"308,969,000,000",14.00,"9,819,903,391",0.45,"237,166,549,731",10.80,"837,019,546,878"
2005-02,"2,211,559,000,000",3.20,0,5.40,"809,212,000,000",37.00,"297,782,000,000",13.00,"11,009,219,506",0.50,"247,274,310,781",11.18,"846,281,469,713"
2005-03,"2,220,199,000,000",3.35,0,5.20,"812,373,000,000",37.00,"301,123,000,000",14.00,"11,867,063,974",0.53,"253,898,403,733",11.44,"840,937,532,293"
2005-04,"2,232,535,000,000",3.33,0,5.20,"809,581,000,000",36.00,"299,835,000,000",13.00,"12,419,717,185",0.56,"243,767,628,792",10.92,"866,931,654,023"
2005-05,"2,232,672,000,000",3.32,0,5.10,"809,630,000,000",36.00,"299,611,000,000",13.00,"12,958,172,814",0.58,"253,364,896,581",11.35,"857,107,930,605"
2005-06,"2,247,833,000,000",3.45,0,5.00,"815,128,000,000",36.00,"298,464,000,000",13.00,"15,297,873,266",0.68,"271,397,839,550",12.07,"847,545,287,184"
2005-07,"2,257,231,000,000",3.80,0,5.00,"825,211,000,000",37.00,"300,734,000,000",13.00,"17,199,060,694",0.76,"315,572,225,871",13.98,"798,514,713,435"
2005-08,"2,267,045,000,000",3.77,0,4.90,"828,798,000,000",37.00,"301,834,000,000",13.00,"10,970,202,756",0.48,"308,437,176,981",13.61,"817,005,620,263"
2005-09,"2,271,633,000,000",4.01,0,5.00,"830,476,000,000",37.00,"300,910,000,000",13.00,"11,184,107,376",0.49,"299,025,815,301",13.16,"830,037,077,323"
2005-10,"2,276,843,000,000",4.31,0,5.00,"823,097,000,000",36.00,"294,854,000,000",13.00,"14,422,960,647",0.63,"282,067,351,907",12.39,"862,401,687,446"
2005-11,"2,283,661,000,000",4.34,0,5.00,"825,562,000,000",36.00,"299,628,000,000",13.00,"14,633,296,231",0.64,"262,123,458,247",11.48,"881,714,245,522"
2005-12,"2,290,928,000,000",4.38,0,4.90,"828,189,000,000",36.00,"298,194,000,000",13.00,"14,412,265,121",0.63,"230,567,222,593",10.06,"919,565,512,286"
2006-01,"2,367,471,000,000",4.58,0,4.70,"781,943,000,000",33.00,"303,298,000,000",13.00,"11,809,789,061",0.50,"225,494,358,070",9.52,"1,044,925,852,869"
2006-02,"2,374,977,000,000",4.73,0,4.80,"784,422,000,000",33.00,"297,657,000,000",13.00,"13,786,339,638",0.58,"229,705,273,160",9.67,"1,049,406,387,202"
2006-03,"2,385,808,000,000",4.82,0,4.70,"787,999,000,000",33.00,"293,220,000,000",12.00,"14,690,443,380",0.62,"236,798,555,231",9.93,"1,053,100,001,389"
2006-04,"2,397,681,000,000",4.90,0,4.70,"774,149,000,000",32.00,"289,989,000,000",12.00,"16,412,693,566",0.68,"239,481,993,683",9.99,"1,077,648,312,751"
2006-05,"2,407,161,000,000",5.07,0,4.60,"777,211,000,000",32.00,"297,010,000,000",12.00,"19,986,317,908",0.83,"238,032,437,211",9.89,"1,074,921,244,881"
2006-06,"2,395,813,000,000",5.21,0,4.60,"773,546,000,000",32.00,"298,596,000,000",12.00,"21,137,647,372",0.88,"240,488,293,851",10.04,"1,062,045,058,777"
2006-07,"2,403,099,000,000",5.11,0,4.70,"792,096,000,000",33.00,"297,744,000,000",12.00,"21,064,647,026",0.88,"243,240,650,463",10.12,"1,048,953,702,511"
2006-08,"2,415,732,000,000",5.01,0,4.70,"796,260,000,000",33.00,"299,909,000,000",12.00,"11,496,093,959",0.48,"247,283,983,687",10.24,"1,060,782,922,354"
2006-09,"2,426,813,000,000",4.91,0,4.50,"799,913,000,000",33.00,"304,579,000,000",13.00,"11,307,533,474",0.47,"250,785,303,947",10.33,"1,060,228,162,579"
2006-10,"2,429,400,000,000",4.99,0,4.40,"784,975,000,000",32.00,"301,027,000,000",12.00,"12,675,366,667",0.52,"247,704,162,895",10.20,"1,083,018,470,438"
2006-11,"2,440,749,000,000",4.94,0,4.50,"788,642,000,000",32.00,"300,534,000,000",12.00,"13,477,425,011",0.55,"243,313,351,626",9.97,"1,094,782,223,363"
2006-12,"2,456,716,000,000",5.00,0,4.40,"793,801,000,000",32.00,"307,976,000,000",13.00,"12,659,432,188",0.52,"249,880,883,644",10.17,"1,092,398,684,168"
2007-01,"2,457,946,000,000",5.09,0,4.60,"780,934,000,000",32.00,"315,023,000,000",13.00,"11,688,075,297",0.48,"243,931,733,603",9.92,"1,106,369,191,100"
2007-02,"2,470,050,000,000",4.96,0,4.50,"784,780,000,000",32.00,"311,311,000,000",13.00,"11,857,665,649",0.48,"234,236,338,669",9.48,"1,127,864,995,682"
2007-03,"2,484,433,000,000",4.90,0,4.40,"789,350,000,000",32.00,"303,085,000,000",12.00,"13,138,280,178",0.53,"226,485,580,016",9.12,"1,152,374,139,806"
2007-04,"2,493,730,000,000",4.89,0,4.50,"785,894,000,000",32.00,"304,559,000,000",12.00,"13,557,179,650",0.54,"220,125,870,148",8.83,"1,169,593,950,202"
2007-05,"2,510,016,000,000",4.95,0,4.40,"791,027,000,000",32.00,"308,951,000,000",12.00,"12,156,944,483",0.48,"214,614,030,265",8.55,"1,183,267,025,252"
2007-06,"2,519,121,000,000",4.91,0,4.60,"793,896,000,000",32.00,"312,338,000,000",12.00,"11,965,627,666",0.47,"201,398,797,361",7.99,"1,199,522,574,973"
2007-07,"2,533,668,000,000",4.85,0,4.70,"808,948,000,000",32.00,"316,329,000,000",12.00,"12,038,432,826",0.48,"190,894,056,286",7.53,"1,205,458,510,888"
2007-08,"2,552,767,000,000",4.19,0,4.60,"815,046,000,000",32.00,"313,308,000,000",12.00,"10,670,579,282",0.42,"168,300,093,617",6.59,"1,245,442,327,101"
2007-09,"2,566,995,000,000",4.05,0,4.70,"819,589,000,000",32.00,"320,131,000,000",12.00,"11,182,579,968",0.44,"144,502,449,150",5.63,"1,271,589,970,882"
2007-10,"2,582,326,000,000",4.04,0,4.70,"801,160,000,000",31.00,"319,946,000,000",12.00,"9,631,334,346",0.37,"141,382,146,832",5.47,"1,310,206,518,822"
2007-11,"2,597,649,000,000",3.26,0,4.70,"805,914,000,000",31.00,"323,726,000,000",12.00,"10,205,180,532",0.39,"135,049,759,126",5.20,"1,322,754,060,342"
2007-12,"2,609,477,000,000",3.34,0,5.00,"809,583,000,000",31.00,"333,423,000,000",13.00,"9,599,904,149",0.37,"136,362,858,590",5.23,"1,320,508,237,261"
2008-01,"2,619,428,000,000",2.11,0,5.00,"797,723,000,000",30.00,"341,594,000,000",13.00,"10,213,641,136",0.39,"136,753,739,710",5.22,"1,333,143,619,154"
2008-02,"2,634,496,000,000",1.77,0,4.90,"802,312,000,000",30.00,"332,220,000,000",13.00,"10,563,346,301",0.40,"204,866,708,220",7.78,"1,284,533,945,479"
2008-03,"2,645,604,000,000",1.55,0,5.10,"805,695,000,000",30.00,"330,367,000,000",12.00,"9,671,387,453",0.37,"174,398,132,717",6.59,"1,325,472,479,830"
2008-04,"2,654,243,000,000",1.85,0,5.00,"798,138,000,000",30.00,"323,049,000,000",12.00,"9,281,360,221",0.35,"159,297,424,620",6.00,"1,364,477,215,159"
2008-05,"2,660,193,000,000",2.22,0,5.40,"799,927,000,000",30.00,"331,234,000,000",12.00,"9,114,623,603",0.34,"145,170,539,442",5.46,"1,374,746,836,955"
2008-06,"2,662,410,000,000",2.36,1,5.60,"800,593,000,000",30.00,"328,367,000,000",12.00,"7,602,543,757",0.29,"125,663,425,763",4.72,"1,400,184,030,480"
2008-07,"2,665,321,000,000",2.27,1,5.80,"801,676,000,000",30.00,"329,290,000,000",12.00,"10,047,349,156",0.38,"112,040,877,576",4.20,"1,412,266,773,268"
2008-08,"2,662,238,000,000",2.17,1,6.10,"800,749,000,000",30.00,"337,561,000,000",13.00,"11,518,568,613",0.43,"106,492,634,905",4.00,"1,405,916,796,482"
2008-09,"2,657,389,000,000",1.78,1,6.10,"799,291,000,000",30.00,"342,418,000,000",13.00,"11,840,932,784",0.45,"101,355,939,441",3.81,"1,402,483,127,775"
2008-10,"2,660,730,000,000",1.34,1,6.50,"777,276,000,000",29.00,"366,120,000,000",14.00,"12,375,008,558",0.47,"100,335,189,139",3.77,"1,404,623,802,303"
2008-11,"2,651,481,000,000",0.90,1,6.80,"774,574,000,000",29.00,"378,543,000,000",14.00,"11,412,396,265",0.43,"75,933,433,626",2.86,"1,411,018,170,109"
2008-12,"2,643,789,000,000",0.37,0,7.30,"772,327,000,000",29.00,"382,234,000,000",14.00,"12,840,321,536",0.49,"95,313,823,743",3.61,"1,381,073,854,721"
2009-01,"2,647,029,000,000",0.51,0,7.80,"755,685,000,000",29.00,"385,503,000,000",15.00,"13,298,109,790",0.50,"167,652,331,109",6.33,"1,324,890,559,101"
2009-02,"2,638,533,000,000",0.72,0,8.30,"753,259,000,000",29.00,"393,234,000,000",15.00,"13,464,496,468",0.51,"208,836,292,955",7.91,"1,269,739,210,577"
2009-03,"2,622,828,000,000",0.57,0,8.70,"748,776,000,000",29.00,"391,542,000,000",15.00,"13,237,153,605",0.50,"188,816,804,975",7.20,"1,280,456,041,420"
2009-04,"2,615,973,000,000",0.49,0,9.00,"742,021,000,000",28.00,"370,102,000,000",14.00,"12,978,492,502",0.50,"197,281,208,467",7.54,"1,293,590,299,031"
2009-05,"2,610,011,000,000",0.47,0,9.40,"740,330,000,000",28.00,"365,724,000,000",14.00,"13,521,033,446",0.52,"217,976,155,161",8.35,"1,272,459,811,393"
2009-06,"2,591,475,000,000",0.56,0,9.50,"735,072,000,000",28.00,"363,085,000,000",14.00,"10,175,089,243",0.39,"189,330,260,048",7.31,"1,293,812,650,709"
2009-07,"2,590,855,000,000",0.48,0,9.50,"736,772,000,000",28.00,"356,059,000,000",14.00,"11,730,741,811",0.45,"167,037,801,718",6.45,"1,319,255,456,471"
2009-08,"2,582,126,000,000",0.43,0,9.60,"734,290,000,000",28.00,"352,896,000,000",14.00,"12,613,250,264",0.49,"130,921,650,754",5.07,"1,351,405,098,982"
2009-09,"2,576,594,000,000",0.40,0,9.80,"732,717,000,000",28.00,"350,216,000,000",14.00,"12,412,434,958",0.48,"123,144,365,574",4.78,"1,358,104,199,468"
2009-10,"2,563,423,000,000",0.37,0,10.00,"719,084,000,000",28.00,"344,988,000,000",13.00,"12,828,953,186",0.50,"131,879,899,399",5.14,"1,354,642,147,415"
2009-11,"2,551,569,000,000",0.27,0,9.90,"715,759,000,000",28.00,"343,425,000,000",13.00,"13,319,975,205",0.52,"137,005,065,869",5.37,"1,342,059,958,926"
2009-12,"2,555,017,000,000",0.47,0,9.90,"716,726,000,000",28.00,"340,240,000,000",13.00,"13,478,422,582",0.53,"125,487,867,707",4.91,"1,359,084,709,711"
2010-01,"2,543,508,000,000",0.30,0,9.80,"717,932,000,000",28.00,"326,228,000,000",13.00,"13,915,051,714",0.55,"120,932,529,382",4.75,"1,364,500,418,904"
2010-02,"2,530,024,000,000",0.32,0,9.80,"714,126,000,000",28.00,"318,584,000,000",13.00,"14,065,773,075",0.56,"113,663,305,815",4.49,"1,369,584,921,110"
2010-03,"2,536,552,000,000",0.41,0,9.90,"715,968,000,000",28.00,"313,109,000,000",12.00,"14,012,469,244",0.55,"117,977,164,730",4.65,"1,375,485,366,026"
2010-04,"2,532,765,000,000",0.41,0,9.90,"708,052,000,000",28.00,"650,783,000,000",26.00,"13,176,452,114",0.52,"120,658,483,292",4.76,"1,040,095,064,594"
2010-05,"2,521,688,000,000",0.34,0,9.60,"704,955,000,000",28.00,"644,019,000,000",26.00,"11,967,505,163",0.47,"116,053,999,473",4.60,"1,044,692,495,364"
2010-06,"2,518,416,000,000",0.32,0,9.40,"704,041,000,000",28.00,"635,016,000,000",25.00,"11,719,726,605",0.47,"130,417,143,535",5.18,"1,037,222,129,860"
2010-07,"2,521,105,000,000",0.29,0,9.40,"698,395,000,000",28.00,"628,132,000,000",25.00,"10,177,978,766",0.40,"128,873,121,914",5.11,"1,055,526,899,320"
2010-08,"2,520,422,000,000",0.25,0,9.50,"698,206,000,000",28.00,"624,306,000,000",25.00,"11,306,563,923",0.45,"158,003,318,170",6.27,"1,028,600,117,907"
2010-09,"2,522,094,000,000",0.27,0,9.50,"698,669,000,000",28.00,"618,110,000,000",25.00,"11,978,043,735",0.47,"178,113,270,489",7.06,"1,015,223,685,776"
2010-10,"2,530,106,000,000",0.22,0,9.40,"713,496,000,000",28.00,"613,528,000,000",24.00,"12,314,728,601",0.49,"176,270,397,810",6.97,"1,014,496,873,589"
2010-11,"2,531,232,000,000",0.27,0,9.80,"713,814,000,000",28.00,"609,587,000,000",24.00,"10,922,787,284",0.43,"173,974,303,966",6.87,"1,022,933,908,750"
2010-12,"2,646,811,000,000",0.29,0,9.30,"746,407,000,000",28.00,"606,028,000,000",23.00,"10,423,706,975",0.39,"162,751,825,532",6.15,"1,121,200,467,493"
2011-01,"2,657,360,000,000",0.26,0,9.10,"730,088,000,000",27.00,"605,434,000,000",23.00,"11,412,435,706",0.43,"149,592,247,826",5.63,"1,160,833,316,468"
2011-02,"2,663,780,000,000",0.25,0,9.00,"731,852,000,000",27.00,"602,280,000,000",23.00,"11,499,545,379",0.43,"122,427,960,310",4.60,"1,195,720,494,311"
2011-03,"2,672,031,000,000",0.30,0,9.00,"734,119,000,000",27.00,"599,468,000,000",22.00,"11,100,384,577",0.42,"104,350,987,155",3.91,"1,222,992,628,268"
2011-04,"2,679,974,000,000",0.22,0,9.10,"734,455,000,000",27.00,"598,890,000,000",22.00,"12,535,155,341",0.47,"98,726,036,313",3.68,"1,235,367,808,346"
2011-05,"2,683,971,000,000",0.18,0,9.00,"735,550,000,000",27.00,"596,815,000,000",22.00,"12,520,370,016",0.47,"98,162,959,513",3.66,"1,240,922,670,471"
2011-06,"2,693,088,000,000",0.19,0,9.10,"738,049,000,000",27.00,"599,324,000,000",22.00,"12,255,114,017",0.46,"101,725,363,076",3.78,"1,241,734,522,907"
2011-07,"2,717,495,000,000",0.20,0,9.00,"743,757,000,000",27.00,"601,617,000,000",22.00,"12,852,749,702",0.47,"109,537,741,564",4.03,"1,249,730,508,734"
2011-08,"2,709,115,000,000",0.10,0,9.00,"741,464,000,000",27.00,"600,487,000,000",22.00,"11,994,061,373",0.44,"111,908,688,707",4.13,"1,243,261,249,920"
2011-09,"2,720,060,000,000",0.13,0,9.00,"744,459,000,000",27.00,"599,324,000,000",22.00,"11,379,012,633",0.42,"146,878,338,878",5.40,"1,218,019,648,489"
2011-10,"2,727,953,000,000",0.12,0,8.80,"751,041,000,000",28.00,"602,742,000,000",22.00,"10,812,963,922",0.40,"152,310,428,892",5.58,"1,211,046,607,186"
2011-11,"2,746,761,000,000",0.12,0,8.60,"756,219,000,000",28.00,"601,049,000,000",22.00,"11,663,131,869",0.42,"151,632,172,299",5.52,"1,226,197,695,832"
2011-12,"2,756,225,000,000",0.12,0,8.50,"758,824,000,000",28.00,"601,256,000,000",22.00,"11,256,936,861",0.41,"145,373,635,047",5.27,"1,239,514,428,092"
2012-01,"2,769,931,000,000",0.13,0,8.30,"759,331,000,000",27.00,"603,606,000,000",22.00,"11,119,365,934",0.40,"155,018,793,339",5.60,"1,240,855,840,727"
2012-02,"2,777,804,000,000",0.18,0,8.30,"761,489,000,000",27.00,"599,854,000,000",22.00,"10,423,379,297",0.38,"183,076,474,334",6.59,"1,222,961,146,369"
2012-03,"2,791,566,000,000",0.19,0,8.20,"765,262,000,000",27.00,"599,636,000,000",21.00,"11,119,741,343",0.40,"176,219,545,196",6.31,"1,239,328,713,461"
2012-04,"2,802,546,000,000",0.20,0,8.20,"777,548,000,000",28.00,"601,877,000,000",21.00,"11,451,200,922",0.41,"171,250,690,535",6.11,"1,240,419,108,543"
2012-05,"2,818,397,000,000",0.18,0,8.20,"781,946,000,000",28.00,"609,755,000,000",22.00,"12,723,167,466",0.45,"164,770,653,608",5.85,"1,249,202,178,926"
2012-06,"2,829,851,000,000",0.21,1,8.20,"785,123,000,000",28.00,"609,864,000,000",22.00,"14,385,531,029",0.51,"164,543,834,393",5.81,"1,255,934,634,578"
2012-07,"2,840,095,000,000",0.16,1,8.20,"798,400,000,000",28.00,"608,505,000,000",21.00,"15,311,867,327",0.54,"174,605,899,383",6.15,"1,243,272,233,290"
2012-08,"2,857,108,000,000",0.16,1,8.10,"803,182,000,000",28.00,"607,511,000,000",21.00,"11,772,443,746",0.41,"186,907,613,372",6.54,"1,247,734,942,882"
2012-09,"2,865,790,000,000",0.17,1,7.80,"805,623,000,000",28.00,"608,149,000,000",21.00,"11,571,694,275",0.40,"191,918,400,785",6.70,"1,248,527,904,940"
2012-10,"2,881,763,000,000",0.18,1,7.80,"809,240,000,000",28.00,"608,507,000,000",21.00,"12,006,430,974",0.42,"191,964,294,145",6.66,"1,260,045,274,881"
2012-11,"2,903,316,000,000",0.18,1,7.70,"815,293,000,000",28.00,"609,314,000,000",21.00,"10,594,647,932",0.36,"197,836,677,376",6.81,"1,270,277,674,692"
2012-12,"2,912,905,000,000",0.16,0,7.90,"817,986,000,000",28.00,"606,626,000,000",21.00,"11,231,654,785",0.39,"209,341,424,681",7.19,"1,267,719,920,534"
2013-01,"2,931,605,000,000",0.15,0,8.00,"821,432,000,000",28.00,"608,381,000,000",21.00,"10,903,704,288",0.37,"224,625,335,506",7.66,"1,266,262,960,206"
2013-02,"2,953,516,000,000",0.17,0,7.70,"827,571,000,000",28.00,"608,111,000,000",21.00,"10,916,004,687",0.37,"223,819,236,306",7.58,"1,283,098,759,007"
2013-03,"2,963,147,000,000",0.14,0,7.50,"830,270,000,000",28.00,"607,528,000,000",21.00,"9,814,248,882",0.33,"203,141,532,960",6.86,"1,312,393,218,158"
2013-04,"2,972,774,000,000",0.11,0,7.60,"841,204,000,000",28.00,"612,529,000,000",21.00,"9,157,086,913",0.31,"198,283,568,474",6.67,"1,311,600,344,613"
2013-05,"2,988,682,000,000",0.14,0,7.50,"845,705,000,000",28.00,"612,143,000,000",20.00,"9,551,665,024",0.32,"196,467,867,524",6.57,"1,324,814,467,452"
2013-06,"3,000,936,000,000",0.15,0,7.50,"849,173,000,000",28.00,"614,718,000,000",20.00,"9,212,388,567",0.31,"182,871,387,471",6.09,"1,344,961,223,962"
2013-07,"3,014,740,000,000",0.11,0,7.30,"866,538,000,000",29.00,"613,114,000,000",20.00,"8,766,879,110",0.29,"164,655,172,984",5.46,"1,361,665,947,906"
2013-08,"3,030,282,000,000",0.13,0,7.20,"871,005,000,000",29.00,"611,095,000,000",20.00,"10,187,743,420",0.34,"143,095,401,270",4.72,"1,394,898,855,310"
2013-09,"3,045,862,000,000",0.10,0,7.20,"875,483,000,000",29.00,"612,190,000,000",20.00,"10,144,720,967",0.33,"119,524,149,513",3.92,"1,428,520,129,520"
2013-10,"3,063,417,000,000",0.10,0,7.20,"878,188,000,000",29.00,"613,037,000,000",20.00,"9,564,284,984",0.31,"105,383,587,783",3.44,"1,457,244,127,233"
2013-11,"3,075,880,000,000",0.13,0,6.90,"881,761,000,000",29.00,"615,263,000,000",20.00,"10,320,494,845",0.34,"104,176,690,368",3.39,"1,464,358,814,787"
2013-12,"3,090,468,000,000",0.13,0,6.70,"885,943,000,000",29.00,"599,467,000,000",19.00,"9,308,395,289",0.30,"103,189,748,336",3.34,"1,492,559,856,375"
2014-01,"3,110,610,000,000",0.10,0,6.60,"891,658,000,000",29.00,"600,018,000,000",19.00,"9,323,626,919",0.30,"94,252,551,782",3.03,"1,515,357,821,299"
2014-02,"3,129,308,000,000",0.12,0,6.70,"897,018,000,000",29.00,"601,543,000,000",19.00,"9,930,573,107",0.32,"94,182,755,152",3.01,"1,526,633,671,741"
2014-03,"3,146,700,000,000",0.13,0,6.70,"902,003,000,000",29.00,"602,891,000,000",19.00,"10,636,384,123",0.34,"100,229,502,214",3.19,"1,530,940,113,663"
2014-04,"3,169,652,000,000",0.11,0,6.20,"917,515,000,000",29.00,"604,171,000,000",19.00,"11,071,072,316",0.35,"104,254,484,699",3.29,"1,532,640,442,985"
2014-05,"3,188,747,000,000",0.10,0,6.30,"923,042,000,000",29.00,"608,765,000,000",19.00,"9,604,500,435",0.30,"107,039,222,514",3.36,"1,540,296,277,051"
2014-06,"3,205,641,000,000",0.11,0,6.10,"927,933,000,000",29.00,"610,492,000,000",19.00,"10,050,918,298",0.31,"113,735,073,546",3.55,"1,543,430,008,156"
2014-07,"3,227,130,000,000",0.12,0,6.20,"942,627,000,000",29.00,"611,461,000,000",19.00,"10,455,554,140",0.32,"115,856,088,216",3.59,"1,546,730,357,644"
2014-08,"3,243,671,000,000",0.09,0,6.10,"947,459,000,000",29.00,"613,770,000,000",19.00,"11,139,429,444",0.34,"114,667,238,385",3.54,"1,556,635,332,171"
2014-09,"3,259,641,000,000",0.13,0,5.90,"952,124,000,000",29.00,"617,740,000,000",19.00,"11,042,100,971",0.34,"115,299,633,050",3.54,"1,563,435,265,979"
2014-10,"3,270,275,000,000",0.11,0,5.70,"955,290,000,000",29.00,"618,588,000,000",19.00,"10,947,254,726",0.33,"117,096,966,127",3.58,"1,568,352,779,147"
2014-11,"3,282,767,000,000",0.13,0,5.80,"958,939,000,000",29.00,"620,180,000,000",19.00,"11,385,366,267",0.35,"127,237,071,459",3.88,"1,565,025,562,274"
2014-12,"3,309,540,000,000",0.25,0,5.60,"966,759,000,000",29.00,"621,138,000,000",19.00,"14,090,216,188",0.43,"128,362,030,101",3.88,"1,579,190,753,711"
2015-01,"3,317,006,000,000",0.18,0,5.70,"962,361,000,000",29.00,"624,618,000,000",19.00,"11,741,672,282",0.35,"134,471,653,849",4.05,"1,583,813,673,869"
2015-02,"3,333,957,000,000",0.22,0,5.50,"967,279,000,000",29.00,"625,695,000,000",19.00,"11,767,034,600",0.35,"179,878,486,946",5.40,"1,549,337,478,454"
2015-03,"3,358,419,000,000",0.26,0,5.40,"974,376,000,000",29.00,"625,932,000,000",19.00,"11,966,283,742",0.36,"187,187,363,847",5.57,"1,558,957,352,411"
2015-04,"3,379,442,000,000",0.24,0,5.40,"987,556,000,000",29.00,"630,859,000,000",19.00,"11,805,133,855",0.35,"170,097,507,674",5.03,"1,579,124,358,471"
2015-05,"3,396,641,000,000",0.26,0,5.60,"992,582,000,000",29.00,"634,033,000,000",19.00,"11,200,305,808",0.33,"169,843,805,392",5.00,"1,588,981,888,800"
2015-06,"3,420,713,000,000",0.28,0,5.30,"999,617,000,000",29.00,"634,580,000,000",19.00,"11,404,745,959",0.33,"158,877,251,229",4.64,"1,616,234,002,812"
2015-07,"3,439,221,000,000",0.33,0,5.20,"1,016,925,000,000",30.00,"639,150,000,000",19.00,"11,522,479,406",0.34,"150,165,712,721",4.37,"1,621,457,807,873"
2015-08,"3,454,108,000,000",0.39,0,5.10,"1,021,327,000,000",30.00,"643,994,000,000",19.00,"10,940,989,766",0.32,"143,306,540,698",4.15,"1,634,539,469,536"
2015-09,"3,481,549,000,000",0.33,0,5.00,"1,029,441,000,000",30.00,"646,938,000,000",19.00,"11,403,594,453",0.33,"144,267,806,316",4.14,"1,649,498,599,231"
2015-10,"3,498,155,000,000",0.34,0,5.00,"990,040,000,000",28.00,"652,248,000,000",19.00,"11,794,326,929",0.34,"138,515,861,597",3.96,"1,705,556,811,474"
2015-11,"3,512,177,000,000",0.51,0,5.10,"994,008,000,000",28.00,"654,719,000,000",19.00,"10,856,476,304",0.31,"130,174,248,700",3.71,"1,722,419,274,996"
2015-12,"3,400,223,000,000",0.65,0,5.00,"962,323,000,000",28.00,"656,567,000,000",19.00,"13,010,812,254",0.38,"138,671,191,038",4.08,"1,629,650,996,708"
2016-01,"3,418,967,000,000",0.47,0,4.80,"1,000,216,000,000",29.00,"663,885,000,000",19.00,"11,536,361,336",0.34,"145,015,156,879",4.24,"1,598,314,481,785"
2016-02,"3,436,702,000,000",0.62,0,4.90,"1,005,404,000,000",29.00,"664,299,000,000",19.00,"11,221,051,565",0.33,"149,869,401,664",4.36,"1,605,908,546,771"
2016-03,"3,465,424,000,000",0.59,0,5.00,"1,013,807,000,000",29.00,"665,379,000,000",19.00,"11,301,476,011",0.33,"170,572,308,287",4.92,"1,604,364,215,702"
2016-04,"3,484,528,000,000",0.56,0,5.10,"1,022,174,000,000",29.00,"674,386,000,000",19.00,"10,981,486,765",0.32,"176,680,068,748",5.07,"1,600,306,444,487"
2016-05,"3,502,423,000,000",0.68,0,4.80,"1,027,423,000,000",29.00,"677,218,000,000",19.00,"11,659,812,973",0.33,"174,478,362,691",4.98,"1,611,643,824,336"
2016-06,"3,520,904,000,000",0.45,1,4.90,"1,032,844,000,000",29.00,"679,471,000,000",19.00,"11,399,992,038",0.32,"173,906,780,404",4.94,"1,623,282,227,558"
2016-07,"3,539,468,000,000",0.50,1,4.80,"1,051,192,000,000",30.00,"695,902,000,000",20.00,"11,614,619,663",0.33,"177,605,549,898",5.02,"1,603,153,830,439"
2016-08,"3,561,250,000,000",0.61,1,4.90,"1,057,661,000,000",30.00,"698,563,000,000",20.00,"11,285,283,315",0.32,"195,032,952,629",5.48,"1,598,707,764,056"
2016-09,"3,582,017,000,000",0.59,1,5.00,"1,063,828,000,000",30.00,"702,235,000,000",20.00,"11,372,845,587",0.32,"203,633,247,852",5.68,"1,600,947,906,561"
2016-10,"3,597,790,000,000",0.66,1,4.90,"1,062,341,000,000",30.00,"705,538,000,000",20.00,"11,683,980,966",0.32,"202,337,645,567",5.62,"1,615,889,373,467"
2016-11,"3,618,952,000,000",0.80,1,4.70,"1,068,590,000,000",30.00,"706,255,000,000",20.00,"12,181,668,751",0.34,"198,391,691,528",5.48,"1,633,533,639,721"
2016-12,"3,636,436,000,000",0.85,0,4.70,"1,073,752,000,000",30.00,"711,167,000,000",20.00,"12,796,591,771",0.35,"188,357,581,794",5.18,"1,650,362,826,435"
2017-01,"3,653,537,000,000",0.84,0,4.70,"1,068,022,000,000",29.00,"714,413,000,000",20.00,"12,457,039,591",0.34,"170,059,956,832",4.65,"1,688,585,003,577"
2017-02,"3,670,169,000,000",0.88,0,4.60,"1,072,884,000,000",29.00,"714,753,000,000",19.00,"12,757,417,822",0.35,"151,890,883,280",4.14,"1,717,883,698,898"
2017-03,"3,685,790,000,000",1.03,0,4.40,"1,077,451,000,000",29.00,"716,499,000,000",19.00,"12,507,929,184",0.34,"145,766,739,923",3.95,"1,733,565,330,893"
2017-04,"3,699,288,000,000",1.07,0,4.40,"1,081,512,000,000",29.00,"718,755,000,000",19.00,"12,479,104,709",0.34,"145,829,168,830",3.94,"1,740,712,726,461"
2017-05,"3,713,331,000,000",1.17,0,4.40,"1,085,618,000,000",29.00,"719,255,000,000",19.00,"12,542,102,288",0.34,"151,465,574,824",4.08,"1,744,450,322,888"
2017-06,"3,727,039,000,000",1.24,0,4.30,"1,089,626,000,000",29.00,"722,010,000,000",19.00,"12,632,889,395",0.34,"155,472,909,420",4.17,"1,747,297,201,185"
2017-07,"3,743,389,000,000",1.23,0,4.30,"1,093,958,000,000",29.00,"728,193,000,000",19.00,"11,853,099,596",0.32,"155,371,273,151",4.15,"1,754,013,627,253"
2017-08,"3,755,200,000,000",1.23,0,4.40,"1,097,410,000,000",29.00,"728,943,000,000",19.00,"11,944,681,079",0.32,"154,948,436,812",4.13,"1,761,953,882,109"
2017-09,"3,770,255,000,000",1.31,0,4.30,"1,101,809,000,000",29.00,"733,116,000,000",19.00,"11,733,639,742",0.31,"158,600,570,110",4.21,"1,764,995,790,148"
2017-10,"3,794,125,000,000",1.43,0,4.20,"1,101,992,000,000",29.00,"738,659,000,000",19.00,"11,459,303,391",0.30,"161,706,892,906",4.26,"1,780,307,803,703"
2017-11,"3,816,242,000,000",1.62,0,4.20,"1,108,416,000,000",29.00,"755,846,000,000",20.00,"11,856,966,960",0.31,"161,110,993,414",4.22,"1,779,012,039,626"
2017-12,"3,830,752,000,000",1.76,0,4.10,"1,112,630,000,000",29.00,"762,782,000,000",20.00,"11,587,472,149",0.30,"166,646,638,380",4.35,"1,777,105,889,471"
2018-01,"3,848,367,000,000",1.90,0,4.00,"1,105,015,000,000",29.00,"766,849,000,000",20.00,"11,392,639,729",0.30,"162,910,106,115",4.23,"1,802,200,254,156"
2018-02,"3,864,264,000,000",2.07,0,4.10,"1,109,580,000,000",29.00,"768,531,000,000",20.00,"11,405,283,784",0.30,"163,253,653,903",4.22,"1,811,494,062,313"
2018-03,"3,876,984,000,000",2.09,0,4.00,"1,113,232,000,000",29.00,"769,864,000,000",20.00,"11,440,556,414",0.30,"158,166,378,323",4.08,"1,824,281,065,263"
2018-04,"3,884,469,000,000",2.24,0,4.00,"1,115,605,000,000",29.00,"787,013,000,000",20.00,"11,805,334,204",0.30,"158,518,357,465",4.08,"1,811,527,308,331"
2018-05,"3,901,132,000,000",2.23,0,3.80,"1,120,391,000,000",29.00,"786,193,000,000",20.00,"11,556,634,413",0.30,"153,227,248,231",3.93,"1,829,764,117,356"
2018-06,"3,901,098,000,000",2.33,0,4.00,"1,120,381,000,000",29.00,"792,020,000,000",20.00,"11,657,779,902",0.30,"152,417,777,800",3.91,"1,824,621,442,298"
2018-07,"3,923,984,000,000",2.44,0,3.80,"1,131,412,000,000",29.00,"793,209,000,000",20.00,"12,230,902,266",0.31,"153,371,463,233",3.91,"1,833,760,634,501"
2018-08,"3,942,808,000,000",2.46,0,3.80,"1,136,839,000,000",29.00,"792,957,000,000",20.00,"11,624,458,696",0.29,"147,719,267,825",3.75,"1,853,668,273,479"
2018-09,"3,955,513,000,000",2.59,0,3.70,"1,140,503,000,000",29.00,"798,767,000,000",20.00,"11,441,281,178",0.29,"139,807,306,608",3.53,"1,864,994,412,214"
2018-10,"3,974,370,000,000",2.69,0,3.80,"1,139,608,000,000",29.00,"800,290,000,000",20.00,"11,453,229,701",0.29,"138,750,761,218",3.49,"1,884,268,009,081"
2018-11,"3,991,475,000,000",2.70,0,3.80,"1,144,513,000,000",29.00,"803,210,000,000",20.00,"11,404,671,310",0.29,"139,487,101,147",3.49,"1,892,860,227,543"
2018-12,"4,007,042,000,000",2.63,0,3.90,"1,148,977,000,000",29.00,"806,374,000,000",20.00,"10,928,810,336",0.27,"130,612,045,221",3.26,"1,910,150,144,443"
2019-01,"4,027,249,000,000",2.55,0,4.00,"1,144,168,000,000",28.00,"805,999,000,000",20.00,"11,481,722,087",0.29,"136,447,990,093",3.39,"1,929,152,287,820"
2019-02,"4,040,805,000,000",2.54,0,3.80,"1,148,019,000,000",28.00,"811,856,000,000",20.00,"11,147,112,233",0.28,"161,712,424,355",4.00,"1,908,070,463,412"
2019-03,"4,053,039,000,000",2.40,0,3.80,"1,151,495,000,000",28.00,"813,878,000,000",20.00,"11,062,262,206",0.27,"168,845,027,155",4.17,"1,907,758,710,639"
2019-04,"4,070,497,000,000",2.39,0,3.70,"1,159,954,000,000",28.00,"817,774,000,000",20.00,"11,021,241,903",0.27,"177,549,162,825",4.36,"1,904,198,595,272"
2019-05,"4,083,632,000,000",2.21,0,3.60,"1,163,697,000,000",28.00,"819,467,000,000",20.00,0,0.00,0,0.00,"2,100,468,000,000"
2019-06,"4,092,286,000,000",1.92,0,3.60,"1,166,163,000,000",28.00,"824,415,000,000",20.00,0,0.00,0,0.00,"2,101,708,000,000"
2019-07,"4,116,616,000,000",2.00,0,3.70,"1,175,438,000,000",29.00,"821,863,000,000",20.00,0,0.00,0,0.00,"2,119,315,000,000"
2019-08,"4,130,971,000,000",1.76,0,3.60,"1,179,537,000,000",29.00,"828,751,000,000",20.00,0,0.00,0,0.00,"2,122,683,000,000"
2019-09,"4,144,085,000,000",1.75,0,3.50,"1,183,282,000,000",29.00,"831,933,000,000",20.00,0,0.00,0,0.00,"2,128,870,000,000"
2019-10,"4,161,392,000,000",1.53,0,3.60,"1,184,142,000,000",28.00,"830,331,000,000",20.00,0,0.00,0,0.00,"2,146,919,000,000"
2019-11,"4,163,375,000,000",1.60,0,3.60,"1,184,706,000,000",28.00,"841,037,000,000",20.00,0,0.00,0,0.00,"2,137,632,000,000"
2019-12,"4,192,191,000,000",1.59,0,3.60,"1,192,906,000,000",28.00,"839,308,000,000",20.00,0,0.00,0,0.00,"2,159,977,000,000"
2020-01,"4,208,100,000,000",1.45,0,3.60,"1,183,907,000,000",28.00,"845,669,000,000",20.00,0,0.00,0,0.00,"2,178,524,000,000"
2020-02,"4,221,736,000,000",0.97,0,3.50,"1,187,744,000,000",28.00,"849,089,000,000",20.00,0,0.00,0,0.00,"2,184,903,000,000"
2020-03,"4,207,208,000,000",0.17,0,4.40,"1,183,656,000,000",28.00,"858,688,000,000",20.00,0,0.00,0,0.00,"2,164,864,000,000"
2020-04,"4,143,653,000,000",0.16,0,14.80,"1,197,426,000,000",29.00,"835,958,000,000",20.00,0,0.00,0,0.00,"2,110,269,000,000"
2020-05,"4,124,384,000,000",0.17,0,13.20,"1,191,857,000,000",29.00,"777,831,000,000",19.00,0,0.00,0,0.00,"2,154,696,000,000"
2020-06,"4,133,891,000,000",0.16,1,11.00,"1,194,605,000,000",29.00,"765,159,000,000",19.00,0,0.00,0,0.00,"2,174,127,000,000"
2020-07,"4,150,962,000,000",0.11,1,10.20,"1,218,446,000,000",29.00,"758,197,000,000",18.00,0,0.00,0,0.00,"2,174,319,000,000"
2020-08,"4,145,435,000,000",0.12,1,8.40,"1,216,824,000,000",29.00,"756,304,000,000",18.00,0,0.00,0,0.00,"2,172,307,000,000"
2020-09,"4,161,629,000,000",0.12,1,7.80,"1,221,577,000,000",29.00,"750,139,000,000",18.00,0,0.00,0,0.00,"2,189,913,000,000"
2020-10,"4,166,293,000,000",0.13,1,6.80,"1,224,447,000,000",29.00,"750,496,000,000",18.00,0,0.00,0,0.00,"2,191,350,000,000"
2020-11,"4,169,805,000,000",0.11,1,6.70,"1,225,479,000,000",29.00,"751,510,000,000",18.00,0,0.00,0,0.00,"2,192,816,000,000"
2020-12,"4,184,853,000,000",0.10,0,6.70,"1,229,901,000,000",29.00,"747,796,000,000",18.00,0,0.00,0,0.00,"2,207,156,000,000"
2021-01,"4,196,987,000,000",0.10,0,6.40,"1,240,754,000,000",30.00,"748,161,000,000",18.00,0,0.00,0,0.00,"2,208,072,000,000"
2021-02,"4,214,766,000,000",0.08,0,6.20,"1,246,010,000,000",30.00,"744,465,000,000",18.00,0,0.00,0,0.00,"2,224,291,000,000"
2021-03,"4,226,825,000,000",0.07,0,6.10,"1,249,574,000,000",30.00,"746,666,000,000",18.00,0,0.00,0,0.00,"2,230,585,000,000"
2021-04,"4,243,289,000,000",0.05,0,6.10,"1,353,127,000,000",32.00,"738,729,000,000",17.00,0,0.00,0,0.00,"2,151,433,000,000"
2021-05,"4,270,915,000,000",0.05,0,5.80,"1,361,936,000,000",32.00,"740,515,000,000",17.00,0,0.00,0,0.00,"2,168,464,000,000"
2021-06,"4,418,378,000,000",0.07,0,5.90,"1,408,960,000,000",32.00,"751,660,000,000",17.00,0,0.00,0,0.00,"2,257,758,000,000"
2021-07,"4,436,626,000,000",0.07,0,5.40,"1,378,864,000,000",31.00,"760,026,000,000",17.00,0,0.00,0,0.00,"2,297,736,000,000"
2021-08,"4,453,623,000,000",0.07,0,5.10,"1,384,147,000,000",31.00,"766,717,000,000",17.00,0,0.00,0,0.00,"2,302,759,000,000"
2021-09,"4,477,855,000,000",0.09,0,4.70,"1,391,678,000,000",31.00,"770,275,000,000",17.00,0,0.00,0,0.00,"2,315,902,000,000"
2021-10,"4,495,550,000,000",0.15,0,4.50,"1,392,701,000,000",31.00,"777,613,000,000",17.00,0,0.00,0,0.00,"2,325,236,000,000"
2021-11,"4,523,585,000,000",0.24,0,4.10,"1,401,386,000,000",31.00,"786,666,000,000",17.00,0,0.00,0,0.00,"2,335,533,000,000"
2021-12,"4,548,536,000,000",0.39,0,3.90,"1,409,116,000,000",31.00,"800,521,000,000",18.00,0,0.00,0,0.00,"2,338,899,000,000"
2022-01,"4,566,065,000,000",0.78,0,4.00,"1,410,554,000,000",31.00,"806,678,000,000",18.00,0,0.00,0,0.00,"2,348,833,000,000"
2022-02,"4,597,746,000,000",1.01,0,3.80,"1,420,340,000,000",31.00,"816,055,000,000",18.00,0,0.00,0,0.00,"2,361,351,000,000"
2022-03,"4,636,413,000,000",1.63,0,3.60,"1,432,285,000,000",31.00,"827,480,000,000",18.00,0,0.00,0,0.00,"2,376,648,000,000"
2022-04,"4,664,763,000,000",2.10,0,3.70,"1,445,197,000,000",31.00,"846,507,000,000",18.00,0,0.00,0,0.00,"2,373,059,000,000"
2022-05,"4,691,514,000,000",2.08,0,3.60,"1,453,485,000,000",31.00,"858,467,000,000",18.00,0,0.00,0,0.00,"2,379,562,000,000"
2022-06,"4,724,940,000,000",2.80,0,3.60,"1,463,841,000,000",31.00,"870,646,000,000",18.00,0,0.00,0,0.00,"2,390,453,000,000"
2022-07,"4,751,621,000,000",2.98,0,3.50,"1,476,909,000,000",31.00,"889,082,000,000",19.00,0,0.00,0,0.00,"2,385,630,000,000"
2022-08,"4,779,193,000,000",3.50,0,3.60,"1,485,479,000,000",31.00,"898,116,000,000",19.00,0,0.00,0,0.00,"2,395,598,000,000"
2022-09,"4,806,781,000,000",4.05,0,3.50,"1,494,054,000,000",31.00,"910,162,000,000",19.00,0,0.00,0,0.00,"2,402,565,000,000"
2022-10,"4,842,165,000,000",4.66,0,3.60,"1,499,489,000,000",31.00,"920,968,000,000",19.00,0,0.00,0,0.00,"2,421,708,000,000"
2022-11,"4,875,038,000,000",4.74,0,3.60,"1,509,669,000,000",31.00,"928,699,000,000",19.00,0,0.00,0,0.00,"2,436,670,000,000"
2022-12,"4,894,041,000,000",4.73,0,3.50,"1,515,554,000,000",31.00,"935,230,000,000",19.00,0,0.00,0,0.00,"2,443,257,000,000"
2023-01,"4,916,137,000,000",4.68,0,3.40,"1,516,395,000,000",31.00,"943,966,000,000",19.00,0,0.00,0,0.00,"2,455,776,000,000"
2023-02,"4,927,157,000,000",5.02,0,3.60,"1,519,795,000,000",31.00,"953,817,000,000",19.00,0,0.00,0,0.00,"2,453,545,000,000"
2023-03,"4,945,936,000,000",4.64,0,3.50,"1,525,587,000,000",31.00,"960,434,000,000",19.00,0,0.00,0,0.00,"2,459,915,000,000"
2023-04,"4,960,314,000,000",4.80,0,3.40,"1,535,157,000,000",31.00,"975,346,000,000",20.00,0,0.00,0,0.00,"2,449,811,000,000"
2023-05,"4,959,445,000,000",5.18,0,3.70,"1,534,888,000,000",31.00,"981,943,000,000",20.00,0,0.00,0,0.00,"2,442,614,000,000"
2023-06,"4,971,610,000,000",5.40,0,3.60,"1,538,653,000,000",31.00,"989,854,000,000",20.00,0,0.00,0,0.00,"2,443,103,000,000"
2023-07,"4,983,111,000,000",5.37,0,3.50,"1,552,431,000,000",31.00,"993,667,000,000",20.00,0,0.00,0,0.00,"2,437,013,000,000"
2023-08,"4,967,956,000,000",5.37,0,3.80,"1,547,710,000,000",31.00,"999,701,000,000",20.00,0,0.00,0,0.00,"2,420,545,000,000"
2023-09,"4,978,098,000,000",5.46,0,3.80,"1,550,870,000,000",31.00,"1,010,776,000,000",20.00,0,0.00,0,0.00,"2,416,452,000,000"
2023-10,"4,985,243,000,000",5.44,0,3.80,"1,558,532,000,000",31.00,"1,016,127,000,000",20.00,0,0.00,0,0.00,"2,410,584,000,000"
2023-11,"5,008,723,000,000",5.16,0,3.70,"1,565,873,000,000",31.00,"1,017,511,000,000",20.00,0,0.00,0,0.00,"2,425,339,000,000"
2023-12,"5,010,284,000,000",4.79,0,3.70,"1,566,361,000,000",31.00,"1,027,369,000,000",21.00,0,0.00,0,0.00,"2,416,554,000,000"